,,,,Overall,,,,,,,PP,,SH,,Defense,
Player Name,Team,Pos,Games,G,A,Pts,+/-,PIM,SOG,GWG,G,A,G,A,Hits,BS
David Pastrnak,BOS,RW,32,26,20,46,11,26,125,5,12,5,0,0,31,10
Alex Ovechkin,WAS,LW,33,21,12,33,-4,14,153,1,8,2,0,0,96,12
Jack Eichel,BUF,C,32,20,24,44,13,16,113,4,5,8,0,0,22,20
Leon Draisaitl,EDM,C,33,19,35,54,-3,10,100,5,4,17,0,0,14,10
Auston Matthews,TOR,C,32,19,15,34,5,6,118,2,5,5,0,0,18,21
Connor McDavid,EDM,C,33,19,36,55,3,18,107,2,8,16,0,0,22,13
Nathan MacKinnon,COL,C,31,19,29,48,8,6,148,2,7,8,0,0,24,13
Brad Marchand,BOS,LW,32,18,29,47,18,45,83,4,3,11,0,0,26,7
Sebastian Aho,CAR,LW,31,18,11,29,10,8,94,3,4,3,3,1,23,8
Jake Guentzel,PIT,LW,31,17,15,32,5,14,102,3,4,2,0,0,38,12
Jean-Gabriel Pageau,OTT,C,32,16,7,23,19,18,75,3,0,2,3,0,55,24
Artemi Panarin,NYR,LW,30,15,22,37,12,12,86,3,6,6,0,0,12,5
Anthony Duclair,OTT,LW,32,15,7,22,1,14,101,0,2,1,1,0,27,18
Jakub Vrana,WAS,RW,33,15,13,28,8,12,99,3,0,6,0,0,12,10
James Neal,EDM,RW,33,14,6,20,-17,8,76,2,10,4,0,0,41,9
Brendan Gallagher,MON,RW,32,14,12,26,6,8,122,0,0,2,0,0,33,23
Patrick Kane,CHI,RW,31,14,22,36,-1,26,111,2,4,8,0,0,13,9
Brayden Schenn,STL,LW,32,14,11,25,-3,23,67,1,6,4,0,0,52,5
Elias Lindholm,CGY,RW,33,14,9,23,-5,14,77,4,5,3,0,0,44,20
Mark Scheifele,WPG,C,31,14,16,30,3,24,74,4,4,2,0,0,19,20
Brett Connolly,FLA,RW,30,14,7,21,5,8,54,1,3,1,0,0,28,12
J.T. Miller,VAN,C,31,13,18,31,-1,18,75,1,6,7,0,2,49,19
Reilly Smith,VGK,RW,33,13,12,25,6,4,82,2,2,2,2,2,22,15
Andrei Svechnikov,CAR,RW,31,13,21,34,10,20,84,3,5,9,0,0,55,13
Nikolaj Ehlers,WPG,LW,31,13,11,24,5,15,89,3,3,0,0,0,11,13
T.J. Oshie,WAS,RW,33,13,11,24,3,18,64,1,6,1,0,0,44,30
Joonas Donskoi,COL,RW,31,13,14,27,5,12,57,1,4,1,0,0,11,18
Evander Kane,SJ,LW,30,13,11,24,-6,75,101,3,7,3,2,0,65,11
John Carlson,WAS,D,33,12,33,45,19,10,95,5,2,12,0,0,25,58
Evgenii Dadonov,FLA,RW,30,12,12,24,3,2,78,1,5,1,0,0,17,10
David Perron,STL,RW,32,12,18,30,-5,26,74,5,4,11,0,0,39,8
Zach Parise,MIN,LW,31,12,6,18,-9,4,72,3,5,1,1,0,18,17
Evgeny Kuznetsov,WAS,C,30,12,19,31,6,26,70,0,4,6,0,0,17,12
Andre Burakovsky,COL,LW,28,12,11,23,2,12,55,3,1,6,0,0,6,15
Anthony Mantha,DET,RW,25,12,11,23,-4,18,92,3,4,2,0,0,29,16
Elias Pettersson,VAN,C,31,12,21,33,-1,8,77,3,6,11,0,0,29,19
Nick Bonino,NSH,C,29,12,7,19,10,8,59,2,1,0,0,0,7,35
Sam Reinhart,BUF,C,32,12,13,25,-2,14,59,0,1,5,0,0,21,9
John Tavares,TOR,C,25,12,11,23,1,8,70,3,1,5,0,0,9,13
Mathew Barzal,NYI,C,29,12,14,26,14,14,61,1,2,3,0,0,4,19
Matthew Tkachuk,CGY,LW,32,12,15,27,-2,30,85,2,2,7,0,0,68,9
Conor Garland,ARI,RW,33,12,5,17,6,8,81,3,2,3,0,0,18,14
Victor Olofsson,BUF,LW,32,12,16,28,4,4,79,1,7,4,0,0,6,10
Jeff Skinner,BUF,LW,32,11,7,18,-3,14,118,1,0,3,0,0,13,6
Mike Hoffman,FLA,LW,30,11,11,22,-3,12,89,1,5,5,0,0,13,7
Brock Boeser,VAN,RW,31,11,17,28,-1,12,96,2,5,8,0,0,20,7
Brady Tkachuk,OTT,LW,32,11,8,19,-5,27,122,2,1,0,0,0,122,14
Travis Konecny,PHI,C,30,11,17,28,0,8,67,1,2,7,0,0,27,13
Jonathan Huberdeau,FLA,LW,30,11,26,37,7,16,68,2,0,13,0,0,21,9
Kyle Palmieri,NJ,RW,30,11,8,19,3,35,70,1,5,4,0,0,42,12
Tom Wilson,WAS,RW,33,11,10,21,8,40,72,4,1,2,1,0,126,31
Brock Nelson,NYI,C,29,11,12,23,-1,14,94,4,2,2,0,0,25,23
Roope Hintz,DAL,LW,25,11,3,14,0,4,50,1,1,2,1,0,29,13
Filip Forsberg,NSH,RW,23,11,10,21,-1,14,86,0,2,3,0,0,33,4
Jakob Silfverberg,ANH,RW,31,11,10,21,2,10,62,1,2,0,2,0,18,17
Max Pacioretty,VGK,LW,33,11,16,27,0,19,133,0,3,7,0,0,45,19
Steven Stamkos,TB,C,26,11,16,27,-8,4,81,2,6,5,0,0,24,16
Joel Armia,MON,RW,30,11,6,17,4,10,100,2,3,0,1,0,84,15
William Nylander,TOR,C,32,11,12,23,-1,8,88,0,2,3,0,0,6,7
Kyle Connor,WPG,LW,31,11,16,27,0,24,102,4,2,2,0,0,10,4
Anze Kopitar,LA,C,32,11,18,29,1,10,60,2,4,6,1,0,21,26
Jason Zucker,MIN,LW,31,11,10,21,-7,10,58,1,4,2,0,0,26,18
Tomas Tatar,MON,LW,32,11,17,28,-2,24,78,0,4,2,0,0,33,11
Mark Stone,VGK,RW,33,11,14,25,-5,13,85,1,5,5,0,1,26,22
Dougie Hamilton,CAR,D,31,11,19,30,17,22,113,2,1,9,0,1,41,41
Zack Kassian,EDM,RW,30,11,10,21,10,43,52,1,0,0,0,0,91,6
Calle Jarnkrok,NSH,C,29,11,10,21,5,6,65,1,2,2,2,0,12,6
Oskar Lindblom,PHI,LW,30,11,7,18,4,4,72,0,3,1,0,0,31,16
Ryan Getzlaf,ANH,C,31,10,15,25,4,29,74,5,2,2,0,0,57,39
Shea Weber,MON,D,32,10,16,26,11,16,95,2,2,4,0,0,54,62
Tomas Hertl,SJ,LW,29,10,14,24,-14,12,66,1,2,4,1,0,17,14
Pierre-Luc Dubois,CLS,C,30,10,8,18,-9,23,77,1,1,5,0,0,36,26
Timo Meier,SJ,LW,33,10,10,20,-10,18,88,1,1,0,0,0,69,22
Brayden Point,TB,C,26,10,11,21,4,5,56,2,4,1,0,0,10,13
Aleksander Barkov,FLA,C,30,10,26,36,4,14,85,2,5,6,0,0,10,15
Nazem Kadri,COL,C,28,10,11,21,4,38,72,1,3,4,0,0,40,3
Nikita Kucherov,TB,RW,28,10,21,31,5,16,80,1,2,10,0,0,17,11
Claude Giroux,PHI,C,31,10,12,22,7,18,97,4,3,5,0,1,28,11
Tyler Bertuzzi,DET,LW,32,10,15,25,-13,10,64,0,0,7,0,0,27,15
Sean Monahan,CGY,C,33,10,16,26,-12,8,82,2,3,6,0,0,35,10
Jared McCann,PIT,C,29,9,9,18,11,4,56,2,1,1,0,0,48,15
William Karlsson,VGK,C,33,9,17,26,6,14,72,1,2,3,2,3,26,23
Blake Coleman,NJ,C,30,9,7,16,2,22,71,1,0,0,0,0,89,23
Alex Killorn,TB,C,27,9,15,24,6,10,55,2,4,4,0,0,17,8
Alexander Radulov,DAL,RW,31,9,9,18,8,30,83,2,4,2,0,0,26,26
Anthony Beauvillier,NYI,LW,29,9,9,18,7,6,56,1,2,2,1,0,30,16
Patrik Laine,WPG,RW,29,9,20,29,7,8,89,0,2,5,0,0,47,15
Logan Couture,SJ,C,33,9,20,29,3,18,84,2,0,8,0,2,36,22
Patrice Bergeron,BOS,C,23,9,16,25,10,12,80,0,3,7,0,0,22,14
Jonathan Marchessault,VGK,LW,33,9,13,22,-5,12,113,2,3,5,0,0,60,6
Bryan Rust,PIT,RW,17,9,9,18,11,8,57,1,2,1,1,1,30,11
Adam Henrique,ANH,C,31,9,6,15,5,10,70,0,0,1,0,0,31,15
Ondrej Palat,TB,LW,29,9,7,16,9,14,66,2,2,2,1,0,65,25
Rickard Rakell,ANH,C,31,9,12,21,6,6,88,0,1,2,0,3,35,11
Carl Soderberg,ARI,C,33,9,9,18,0,8,50,0,4,3,0,0,36,17
Paul Stastny,VGK,C,33,8,5,13,-7,18,64,3,4,2,0,0,40,18
Brandon Saad,CHI,LW,31,8,8,16,-2,10,76,2,0,0,2,0,22,11
Dominik Kahun,PIT,C,30,8,9,17,10,8,51,2,0,1,0,0,5,9
Derek Grant,ANH,C,31,8,3,11,-1,22,45,2,0,0,2,0,25,17
Eric Staal,MIN,C,31,8,13,21,-10,20,55,3,3,2,0,0,18,9
Jeff Carter,LA,C,32,8,4,12,-9,24,106,4,1,1,0,0,31,14
Kasperi Kapanen,TOR,RW,32,8,10,18,-4,6,52,1,0,3,2,0,47,10
Christian Dvorak,ARI,LW,33,8,11,19,7,4,55,2,3,3,0,0,21,20
Mikko Rantanen,COL,RW,15,8,12,20,3,2,38,3,3,3,0,0,12,8
Alex DeBrincat,CHI,RW,31,8,14,22,4,9,90,0,5,2,0,0,36,14
Cale Makar,COL,D,29,8,20,28,10,0,58,3,2,10,0,0,19,30
Dominik Kubalik,CHI,LW,29,8,4,12,-2,6,62,0,2,2,0,0,46,10
Bo Horvat,VAN,C,31,8,17,25,-9,6,82,0,6,4,0,0,24,28
Erik Haula,CAR,C,16,8,3,11,0,6,33,1,3,2,0,0,5,5
Oskar Sundqvist,STL,C,26,8,4,12,2,16,42,1,0,0,1,0,27,12
Kevin Labanc,SJ,RW,33,8,10,18,-17,24,78,2,2,2,0,0,22,6
Tanner Pearson,VAN,LW,31,8,12,20,2,10,86,1,1,4,2,1,41,15
Tyler Ennis,OTT,LW,32,8,8,16,-5,10,70,1,3,1,0,0,31,16
Filip Chytil,NYR,C,21,8,2,10,7,6,47,2,0,0,0,0,4,13
Jaden Schwartz,STL,LW,32,8,14,22,-7,6,73,1,4,5,0,0,22,17
Anders Lee,NYI,C,29,8,8,16,5,14,69,2,1,2,0,0,59,17
Sean Couturier,PHI,C,31,8,15,23,7,14,85,1,1,4,0,0,25,16
Kevin Hayes,PHI,C,31,8,7,15,-6,14,73,1,1,0,1,0,48,10
Evgeni Malkin,PIT,C,20,8,19,27,8,8,68,2,2,4,0,0,8,10
Blake Wheeler,WPG,RW,31,8,15,23,-4,14,82,1,0,6,0,0,54,25
Josh Bailey,NYI,LW,29,8,13,21,1,4,29,2,1,4,1,0,12,21
Dylan Larkin,DET,C,32,8,12,20,-10,19,104,0,4,2,0,0,25,16
Anthony DeAngelo,NYR,D,30,7,14,21,1,19,57,1,2,4,0,0,13,18
Cam Atkinson,CLS,RW,30,7,11,18,-5,4,100,1,3,4,0,0,16,15
Matt Duchene,NSH,C,28,7,13,20,-2,8,59,0,3,2,0,0,14,7
Kris Letang,PIT,D,23,7,11,18,7,8,81,1,1,3,0,0,38,30
Josh Leivo,VAN,LW,31,7,10,17,3,4,65,0,0,3,0,0,15,7
Frank Vatrano,FLA,LW,30,7,6,13,-6,8,72,0,1,0,1,0,30,27
Chris Kreider,NYR,LW,30,7,8,15,1,34,58,1,3,2,0,0,55,24
Phillip Danault,MON,C,32,7,18,25,9,8,47,0,0,2,0,0,62,15
Mats Zuccarello,MIN,RW,27,7,10,17,-7,10,40,1,2,3,0,0,6,16
Jake Virtanen,VAN,LW,31,7,8,15,0,12,55,3,0,0,0,0,53,12
Jake DeBrusk,BOS,LW,27,7,7,14,2,8,59,0,2,1,0,0,12,6
Oliver Bjorkstrand,CLS,RW,30,7,9,16,-3,10,100,2,2,3,0,0,28,12
Tyler Toffoli,LA,RW,31,7,8,15,-7,12,78,1,1,0,0,0,16,3
Gustav Nyquist,CLS,RW,30,7,12,19,-5,10,69,2,2,3,0,0,15,9
Tyler Johnson,TB,C,27,7,7,14,0,2,55,1,0,3,0,0,33,5
Dustin Brown,LA,RW,32,7,10,17,2,12,80,0,0,2,0,0,74,6
Mika Zibanejad,NYR,C,17,7,10,17,3,4,48,1,3,3,2,2,23,14
Radek Faksa,DAL,C,32,7,6,13,-3,14,56,2,1,0,0,0,35,19
Ivan Provorov,PHI,D,31,7,12,19,8,16,67,3,4,6,0,0,33,50
Vladislav Namestnikov,OTT,C,29,7,9,16,-1,25,52,2,1,2,1,2,44,24
Victor Hedman,TB,D,27,7,20,27,-1,17,64,1,3,12,0,0,33,40
Joe Pavelski,DAL,RW,32,7,7,14,0,16,64,2,3,2,0,0,23,25
Robby Fabbri,DET,LW,24,7,6,13,-17,10,37,1,4,1,0,0,27,3
Roman Josi,NSH,D,29,7,19,26,11,23,100,0,3,8,0,0,22,49
Phil Kessel,ARI,RW,33,7,12,19,-18,10,80,0,6,5,0,0,8,16
Alex Pietrangelo,STL,D,32,7,15,22,0,6,95,2,3,8,0,1,16,37
Derick Brassard,NYI,C,29,7,10,17,2,8,49,1,1,3,0,0,51,13
Teuvo Teravainen,CAR,C,31,7,24,31,10,6,88,0,2,12,1,1,10,12
Jonathan Drouin,MON,C,19,7,8,15,4,6,44,1,1,3,0,0,22,4
Johnny Gaudreau,CGY,LW,33,7,17,24,-9,10,96,0,3,6,0,0,1,3
Jakob Chychrun,ARI,D,33,7,5,12,0,24,78,1,2,1,0,0,40,52
Miro Heiskanen,DAL,D,32,7,14,21,9,6,81,0,0,4,0,0,9,46
Anthony Cirelli,TB,C,28,6,15,21,4,14,47,0,1,2,0,1,36,18
Max Domi,MON,C,32,6,14,20,3,14,80,1,1,7,0,0,13,6
Jujhar Khaira,EDM,C,31,6,0,6,-12,12,37,1,0,0,0,0,63,11
Jack Roslovic,WPG,RW,31,6,6,12,9,6,55,0,1,1,0,0,29,6
Cam Fowler,ANH,D,31,6,10,16,8,4,58,2,1,3,0,0,15,34
Denis Gurianov,DAL,RW,27,6,4,10,3,9,65,2,2,2,0,0,26,8
Ryan Nugent-Hopkins,EDM,LW,27,6,11,17,-6,14,65,2,4,6,0,0,18,19
Patrick Marleau,SJ,LW,29,6,5,11,-4,8,51,1,1,0,0,0,29,11
Viktor Arvidsson,NSH,LW,22,6,9,15,1,4,50,0,2,2,0,0,13,8
Ryan Strome,NYR,C,30,6,20,26,8,22,45,2,1,7,0,0,17,13
Boone Jenner,CLS,LW,30,6,3,9,-14,22,65,0,1,1,0,0,50,30
Ryan Dzingel,CAR,C,31,6,12,18,1,17,47,1,3,2,0,0,14,12
Jonathan Toews,CHI,C,31,6,12,18,-7,26,80,2,1,2,0,0,24,17
Ryan O'Reilly,STL,C,32,6,21,27,-5,4,56,2,2,9,0,0,13,16
Mathieu Perreault,WPG,C,31,6,6,12,-2,4,51,0,1,0,0,0,39,14
Adam Gaudette,VAN,C,21,6,7,13,0,6,27,0,3,3,0,0,13,10
Nick Suzuki,MON,C,32,6,9,15,-3,4,49,0,2,2,0,0,24,12
Dylan Strome,CHI,C,27,6,14,20,9,10,38,0,1,3,0,0,11,10
Jakub Voracek,PHI,LW,31,6,16,22,5,17,55,1,2,5,0,0,12,9
Tyler Seguin,DAL,C,32,6,17,23,2,14,115,2,0,5,0,0,44,14
Colton Sissons,NSH,RW,29,6,6,12,0,8,30,2,0,0,1,0,48,17
Drew Doughty,LA,D,32,6,14,20,-8,10,74,2,4,4,0,1,64,51
Zach Werenski,CLS,D,26,6,10,16,-6,8,65,1,2,5,0,0,18,29
Kevin Fiala,MIN,LW,26,6,10,16,2,16,51,0,1,3,0,0,17,9
Artturi Lehkonen,MON,LW,32,6,7,13,5,14,65,1,0,0,0,0,66,19
Yanni Gourde,TB,LW,29,6,9,15,2,21,50,3,1,4,0,0,26,11
Martin Necas,CAR,C,27,6,10,16,-2,4,38,2,2,0,0,0,26,9
Luke Kunin,MIN,C,30,6,4,10,-14,21,64,0,0,0,0,0,31,27
Brandon Tanev,PIT,LW,31,6,10,16,4,6,42,1,0,1,2,0,118,26
Andrew Mangiapane,CGY,LW,31,6,4,10,3,10,36,1,0,0,0,0,32,8
Lars Eller,WAS,C,33,6,10,16,7,20,78,0,1,1,1,0,28,20
Filip Hronek,DET,D,30,6,8,14,-13,17,64,0,1,2,0,0,38,36
Jesper Bratt,NJ,LW,25,6,3,9,-9,2,29,1,0,0,0,0,10,8
Kaapo Kakko,NYR,RW,28,6,8,14,-11,6,54,1,2,7,0,0,10,4
Barclay Goodrow,SJ,LW,33,6,7,13,2,46,47,2,0,0,0,1,66,30
James van Riemsdyk,PHI,LW,31,6,8,14,5,4,79,0,1,0,0,0,14,6
Jamie Benn,DAL,C,32,6,9,15,-2,12,78,3,3,2,0,0,75,32
Lawson Crouse,ARI,LW,29,6,3,9,-1,15,38,1,0,0,0,0,86,12
Andreas Johnsson,TOR,LW,30,6,10,16,2,14,66,1,4,1,0,0,30,13
Zach Hyman,TOR,RW,13,6,1,7,3,2,30,1,1,0,1,0,11,8
Matt Calvert,COL,LW,24,6,11,17,8,21,45,1,0,0,2,0,27,11
Taylor Hall,NJ,LW,30,6,19,25,-11,20,109,0,2,10,0,0,25,9
David Krejci,BOS,C,26,6,15,21,13,6,39,2,2,4,0,0,23,15
Michael Grabner,ARI,RW,31,6,3,9,6,6,43,0,0,0,1,0,16,4
Patric Hornqvist,PIT,RW,20,6,5,11,3,17,50,1,1,1,0,0,50,20
Charlie Coyle,BOS,C,32,6,10,16,1,10,64,1,0,2,0,0,38,13
Brent Burns,SJ,D,33,5,16,21,-21,26,90,0,2,7,0,1,37,38
Nikita Gusev,NJ,LW,27,5,9,14,-6,12,62,0,0,2,0,0,7,4
Valeri Nichushkin,COL,LW,27,5,4,9,9,5,52,1,0,0,1,0,31,11
Adam Fox,NYR,D,30,5,11,16,4,10,49,2,1,7,0,0,10,40
Andrew Copp,WPG,C,31,5,9,14,2,6,63,1,0,0,0,1,31,12
Alex Kerfoot,TOR,C,27,5,4,9,-2,20,44,1,1,1,0,0,26,20
Ryan Johansen,NSH,C,29,5,13,18,-3,33,47,1,2,6,0,0,21,13
Andreas Athanasiou,DET,C,29,5,10,15,-33,6,70,0,1,2,0,0,19,12
Nico Hischier,NJ,C,25,5,11,16,-6,4,55,0,1,4,1,0,26,15
Tyson Jost,COL,C,28,5,4,9,6,12,49,0,0,1,0,0,19,9
Marc-Edouard Vlasic,SJ,D,33,5,4,9,0,0,30,1,0,0,1,0,24,45
Patrick Maroon,TB,LW,27,5,6,11,1,31,44,0,1,1,0,0,47,4
Noel Acciari,FLA,C,27,5,2,7,-6,2,38,2,0,0,0,0,47,42
Alex Tuch,VGK,RW,16,5,5,10,-2,4,34,1,2,2,0,0,16,7
Ivan Barbashev,STL,LW,32,5,10,15,3,7,34,1,0,0,1,1,66,21
Marcus Sorensen,SJ,RW,30,5,4,9,-10,20,38,0,0,0,0,0,29,6
Brandon Sutter,VAN,C,19,5,3,8,5,7,42,0,0,0,0,0,4,8
Derek Stepan,ARI,C,33,5,6,11,-5,10,70,2,1,4,0,0,19,20
Carter Rowney,ANH,C,31,5,3,8,0,12,36,1,0,0,1,0,89,15
Sammy Blais,STL,LW,20,5,3,8,2,10,29,1,0,0,0,0,70,6
Nick Schmaltz,ARI,RW,33,5,17,22,2,8,45,2,1,5,0,0,7,18
Ryan Donato,MIN,C,28,5,3,8,5,6,42,0,0,0,0,0,20,3
Gabriel Landeskog,COL,LW,15,5,4,9,-3,18,34,2,0,2,0,0,30,7
Danton Heinen,BOS,C,32,5,8,13,4,4,43,2,2,2,0,0,14,23
Jacob Trouba,NYR,D,30,5,12,17,1,14,83,1,2,4,0,2,76,60
Brad Hunt,MIN,D,31,5,7,12,-2,0,45,0,2,5,0,0,6,16
Zdeno Chara,BOS,D,32,5,7,12,18,27,46,2,0,0,0,0,40,51
Sidney Crosby,PIT,C,17,5,12,17,-1,7,46,0,1,2,0,0,17,7
Nicklas Backstrom,WAS,C,25,5,16,21,-2,2,57,0,1,7,0,0,12,18
Kirby Dach,CHI,C,25,5,5,10,-1,4,36,2,0,1,0,0,12,7
Conor Sheary,BUF,LW,27,5,4,9,4,4,44,1,1,1,0,0,18,15
Clayton Keller,ARI,C,33,5,16,21,-7,10,90,0,1,10,0,0,11,4
Aaron Ekblad,FLA,D,29,5,12,17,10,14,72,1,0,1,0,1,13,38
Ryan Graves,COL,D,30,5,7,12,23,29,49,0,0,0,0,1,46,67
Christian Fischer,ARI,RW,32,5,2,7,9,8,58,1,0,0,0,0,76,16
Brendan Lemieux,NYR,LW,29,5,7,12,-4,59,49,0,1,1,1,1,69,34
Zemgus Girgensons,BUF,C,32,5,4,9,3,8,35,1,0,0,0,0,47,6
Matt Nieto,COL,LW,31,5,9,14,7,2,42,1,0,0,1,0,22,8
Marcus Johansson,BUF,LW,25,5,8,13,0,12,23,1,1,1,0,0,22,11
Kyle Turris,NSH,C,22,5,6,11,-3,6,37,2,2,1,0,0,4,3
Kevin Shattenkirk,TB,D,29,5,17,22,12,16,66,0,1,5,0,0,25,29
Michael Amadio,LA,C,30,5,6,11,-7,6,52,0,0,3,0,0,15,9
Pavel Buchnevich,NYR,LW,30,5,14,19,2,8,47,0,1,3,0,0,29,11
Derek Ryan,CGY,C,33,5,12,17,9,4,51,0,0,2,0,1,8,17
Alex Iafallo,LA,C,32,5,9,14,-3,6,63,2,1,2,0,0,22,18
Cody Glass,VGK,C,32,4,7,11,-7,6,42,0,1,5,0,0,12,5
Ilya Mikheyev,TOR,RW,32,4,13,17,5,4,76,0,0,0,0,0,26,12
Jesper Fast,NYR,RW,29,4,6,10,2,8,30,0,0,0,1,0,47,17
Vinnie Hinostroza,ARI,C,33,4,6,10,4,6,56,0,0,0,0,0,24,11
Shayne Gostisbehere,PHI,D,28,4,6,10,-2,12,45,1,1,4,0,0,13,24
Artem Anisimov,OTT,C,14,4,0,4,-8,4,25,0,1,0,0,0,2,8
Wayne Simmonds,NJ,RW,30,4,7,11,-12,28,68,0,3,1,0,0,68,13
Brian Boyle,FLA,C,22,4,4,8,-3,8,32,0,0,0,0,0,37,23
Jason Spezza,TOR,C,21,4,8,12,-5,12,30,0,1,2,0,0,7,10
Mikael Granlund,NSH,C,27,4,8,12,-2,12,63,0,0,1,0,0,17,20
Vincent Trocheck,FLA,C,23,4,10,14,-2,8,57,0,0,2,1,0,31,18
Mattias Ekholm,NSH,D,29,4,11,15,3,10,72,1,0,1,1,1,21,47
Johan Larsson,BUF,C,29,4,8,12,8,16,32,0,0,0,0,0,43,17
Scott Mayfield,NYI,D,29,4,5,9,5,17,46,1,0,0,0,1,50,43
Adam Lowry,WPG,LW,29,4,2,6,3,16,39,1,0,0,1,0,77,16
Nick Cousins,MON,C,26,4,6,10,1,4,52,0,2,1,0,0,44,14
Tim Schaller,VAN,C,31,4,0,4,-8,10,35,0,0,0,1,0,26,16
Nikolay Prokhorkin,LA,LW,14,4,2,6,2,2,16,1,0,0,0,0,15,2
Mathieu Joseph,TB,RW,28,4,3,7,0,14,28,0,0,0,0,1,30,8
Travis Zajac,NJ,C,30,4,6,10,-2,12,29,0,0,0,0,0,32,11
Jason Dickinson,DAL,C,28,4,5,9,5,2,36,1,0,0,0,0,44,23
Brady Skjei,NYR,D,29,4,7,11,-1,27,61,0,0,0,0,1,46,40
Pierre-Edouard Bellemare,COL,C,30,4,6,10,7,8,28,0,0,0,0,1,17,21
Adrian Kempe,LA,C,31,4,6,10,-4,14,63,0,1,1,0,1,36,4
Tomas Nosek,VGK,LW,30,4,2,6,2,8,42,0,0,0,1,0,34,16
Connor Brown,OTT,RW,32,4,15,19,3,8,72,0,0,1,0,0,11,21
Casey Cizikas,NYI,C,24,4,4,8,7,16,37,1,0,0,1,2,73,20
Vince Dunn,STL,D,32,4,4,8,5,8,68,0,2,2,0,0,21,22
Ethan Bear,EDM,D,33,4,5,9,-1,20,41,1,1,0,0,0,27,44
Scott Laughton,PHI,C,18,4,5,9,0,0,24,1,0,0,0,0,45,10
Chandler Stephenson,VGK,RW,28,4,1,5,6,8,22,2,0,0,0,1,25,15
Ben Chiarot,MON,D,32,4,7,11,9,18,71,2,0,0,0,0,83,53
Seth Jones,CLS,D,30,4,13,17,-3,12,70,0,1,5,0,0,28,62
Anders Bjork,BOS,LW,24,4,4,8,2,0,35,0,1,0,0,0,14,11
Sam Lafferty,PIT,RW,24,4,6,10,6,10,33,1,0,0,0,0,49,13
Mackenzie MacEachern,STL,LW,25,4,2,6,1,7,28,1,0,0,0,0,41,6
Jack Hughes,NJ,C,27,4,8,12,-7,6,52,1,3,2,0,0,5,9
Chris Tierney,OTT,C,32,4,13,17,-2,6,41,1,1,0,1,0,21,15
Sami Vatanen,NJ,D,26,4,9,13,0,10,55,0,1,5,0,0,28,47
Torey Krug,BOS,D,27,4,16,20,3,12,60,2,0,12,0,0,13,23
Ryan Ellis,NSH,D,29,4,16,20,10,11,69,1,0,4,0,0,26,54
Mark Giordano,CGY,D,33,4,12,16,-2,22,80,0,1,4,0,0,23,79
Mitch Marner,TOR,C,21,4,18,22,0,6,51,0,2,6,0,1,9,16
Mikhail Sergachev,TB,D,29,4,12,16,5,28,47,0,2,3,0,0,36,39
Warren Foegele,CAR,LW,31,4,8,12,5,10,55,0,0,0,0,0,40,7
Lucas Wallmark,CAR,C,31,4,6,10,-3,8,39,0,0,2,0,0,27,14
Alexandre Texier,CLS,C,26,4,3,7,-2,8,35,1,0,1,0,0,17,5
Sean Walker,LA,D,32,4,8,12,4,14,57,0,0,1,0,0,38,47
Ryan Hartman,MIN,RW,31,4,4,8,2,42,43,1,0,0,0,0,19,21
Luke Glendening,DET,RW,21,4,1,5,-7,2,33,1,0,0,1,0,61,25
Ryan Pulock,NYI,D,29,4,11,15,1,4,63,2,1,3,0,0,33,56
Austin Watson,NSH,LW,29,4,5,9,2,40,31,1,0,0,0,2,64,30
Nick Foligno,CLS,LW,27,4,9,13,-9,26,51,0,2,1,0,1,84,17
Darren Helm,DET,C,31,4,3,7,3,27,43,0,0,0,0,1,33,15
David Kampf,CHI,RW,31,4,3,7,-9,4,47,1,0,0,1,0,28,15
Casey Mittelstadt,BUF,C,31,4,5,9,-5,2,34,1,1,1,0,0,11,8
Garnet Hathaway,WAS,RW,30,4,5,9,2,47,33,0,0,0,0,1,81,19
Zach Aston-Reese,PIT,C,31,4,3,7,3,16,62,0,0,0,1,0,70,17
Alexander Nylander,CHI,RW,30,4,7,11,-9,6,50,1,0,2,0,0,12,7
Nino Niederreiter,CAR,RW,31,4,9,13,-6,22,48,1,2,2,0,0,22,11
Alexander Edler,VAN,D,27,4,11,15,-5,34,61,1,1,5,0,0,54,80
Teddy Blueger,PIT,C,31,3,5,8,-2,17,43,1,0,0,0,2,41,17
Antoine Roussel,VAN,LW,3,3,0,3,2,4,9,0,0,0,0,0,7,2
Matt Roy,LA,D,32,3,6,9,2,4,53,0,0,0,0,0,45,51
Jimmy Vesey,BUF,LW,29,3,6,9,10,9,46,1,0,0,1,0,14,8
Zach Sanford,STL,LW,26,3,7,10,3,14,32,1,0,0,0,0,44,11
Brett Pesce,CAR,D,31,3,6,9,2,14,59,0,0,0,0,0,14,49
Joakim Nordstrom,BOS,C,21,3,1,4,0,4,28,0,0,0,0,0,40,10
Emil Bemstrom,CLS,C,28,3,6,9,-2,2,39,1,2,1,0,0,26,8
Tyler Bozak,STL,C,32,3,9,12,-1,6,46,0,0,0,1,0,20,16
Blake Comeau,DAL,LW,18,3,3,6,-2,16,32,0,0,0,0,0,42,3
Erik Karlsson,SJ,D,32,3,21,24,-3,12,68,0,1,6,0,0,18,48
Kyle Clifford,LA,LW,31,3,4,7,1,34,47,0,0,0,0,0,51,7
MacKenzie Weegar,FLA,D,22,3,8,11,0,20,40,0,0,0,0,0,36,24
Michael Raffl,PHI,LW,28,3,6,9,-4,2,28,1,0,0,0,0,32,14
Trevor Moore,TOR,LW,21,3,2,5,-1,4,36,0,0,0,0,1,46,12
Philippe Myers,PHI,D,17,3,6,9,14,12,22,0,0,0,0,0,29,14
Denis Malgin,FLA,C,25,3,6,9,-6,6,38,0,1,0,0,1,17,11
Erik Gustafsson,CHI,D,30,3,7,10,-4,19,49,0,0,4,0,0,43,26
Dante Fabbro,NSH,D,29,3,5,8,5,22,37,0,0,0,0,0,23,41
Corey Perry,DAL,RW,25,3,8,11,3,11,33,0,0,3,0,0,22,16
Matt Niskanen,PHI,D,31,3,10,13,4,15,58,0,1,5,0,0,60,39
Kyle Okposo,BUF,RW,22,3,4,7,1,20,25,1,0,0,0,0,24,4
Victor Rask,MIN,C,21,3,4,7,7,2,17,1,0,0,0,0,13,4
William Carrier,VGK,LW,33,3,5,8,2,23,47,1,0,0,0,0,90,6
Justin Dowling,DAL,C,21,3,1,4,0,8,23,1,0,0,0,0,22,9
Sonny Milano,CLS,LW,28,3,8,11,-3,16,38,1,0,1,0,0,16,7
Melker Karlsson,SJ,C,30,3,3,6,-7,10,20,0,0,0,0,0,25,21
Neal Pionk,WPG,D,31,3,13,16,8,10,70,1,1,7,0,0,59,36
Joel Farabee,PHI,LW,25,3,8,11,0,15,43,0,0,0,0,0,16,7
Travis Dermott,TOR,D,19,3,2,5,7,9,29,1,0,0,0,0,24,20
Josh Morrissey,WPG,D,29,3,15,18,4,8,62,0,1,6,0,0,18,26
Damon Severson,NJ,D,30,3,4,7,-12,13,36,1,0,0,0,0,30,35
Mattias Janmark,DAL,C,27,3,8,11,2,4,28,0,0,2,1,1,9,17
Chris Wagner,BOS,RW,31,3,4,7,-3,15,34,0,0,0,1,0,86,12
Morgan Rielly,TOR,D,32,3,18,21,-2,20,82,2,0,6,0,0,24,41
Mikael Backlund,CGY,C,33,3,10,13,-1,22,68,2,1,2,0,0,19,6
Ilya Kovalchuk,LA,RW,17,3,6,9,-10,12,35,0,1,2,0,0,12,9
Milan Lucic,CGY,LW,31,3,5,8,-5,34,44,1,2,1,0,0,81,10
Drake Caggiula,CHI,LW,15,3,1,4,-2,4,15,0,0,0,0,0,37,7
Michal Kempny,WAS,D,25,3,9,12,12,14,24,0,0,0,0,0,13,42
Sean Kuraly,BOS,C,32,3,8,11,0,16,50,0,0,1,0,1,68,13
Miles Wood,NJ,LW,30,3,4,7,-12,22,54,1,0,0,0,0,36,8
Henri Jokiharju,BUF,D,32,3,6,9,5,22,41,0,1,0,0,0,27,28
Brett Howden,NYR,C,30,3,5,8,-6,4,30,1,0,0,0,2,31,31
Jared Spurgeon,MIN,D,28,3,13,16,-6,8,51,0,0,4,0,0,24,56
Cody Eakin,VGK,C,24,3,4,7,-6,12,38,0,0,1,0,0,19,9
Brendan Smith,NYR,D,30,3,3,6,-5,29,26,0,0,0,1,1,52,12
Cedric Paquette,TB,C,21,3,6,9,-2,20,31,0,0,0,1,0,68,19
J.T. Compher,COL,C,28,3,14,17,15,8,42,0,0,2,0,2,18,21
Joel Edmundson,CAR,D,31,3,6,9,8,41,44,0,0,0,0,0,50,45
Andrew Shaw,CHI,C,26,3,7,10,-4,33,46,0,1,1,0,0,74,9
Will Butcher,NJ,D,28,3,6,9,-8,4,34,1,0,0,0,0,16,31
Jaccob Slavin,CAR,D,31,3,14,17,14,6,68,2,0,0,0,1,20,55
Nick Paul,OTT,LW,27,3,6,9,2,15,44,1,0,1,0,0,61,20
Jordan Weal,MON,C,24,3,1,4,-6,10,36,1,1,0,0,0,15,12
Rocco Grimaldi,NSH,C,26,3,11,14,8,4,39,1,0,0,0,0,10,4
Shea Theodore,VGK,D,33,3,9,12,-1,12,88,0,0,5,0,0,12,36
Brendan Leipsic,WAS,LW,33,3,5,8,1,4,29,1,0,1,0,0,29,10
Jordan Staal,CAR,C,31,3,7,10,0,14,52,0,1,1,0,0,72,16
Keith Yandle,FLA,D,30,3,23,26,6,8,58,0,2,13,0,0,10,31
Cal Clutterbuck,NYI,RW,29,3,4,7,9,20,31,0,0,0,1,1,101,30
Alex Chiasson,EDM,RW,28,3,7,10,-2,18,42,1,2,3,0,0,26,10
Robert Thomas,STL,C,27,3,9,12,4,6,32,2,0,0,0,0,5,5
Troy Terry,ANH,C,30,3,5,8,-6,6,39,0,0,0,0,0,2,5
Eric Robinson,CLS,LW,10,3,1,4,1,4,12,1,0,0,0,0,12,3
Jesperi Kotkaniemi,MON,C,22,3,2,5,-6,2,29,0,0,1,0,0,42,10
Blake Lizotte,LA,LW,32,3,8,11,0,8,41,0,0,1,1,0,18,10
Carson Soucy,MIN,D,28,3,2,5,9,4,23,1,0,0,0,0,35,22
John Marino,PIT,D,29,3,10,13,11,8,42,0,1,1,0,0,46,37
Thomas Chabot,OTT,D,32,3,17,20,-5,18,81,0,0,5,0,0,37,35
Sam Bennett,CGY,LW,20,3,2,5,3,20,37,0,0,1,0,0,41,6
Max Jones,ANH,LW,23,3,2,5,0,10,41,0,0,0,0,0,24,4
Victor Mete,MON,D,26,3,5,8,6,10,34,1,0,0,0,0,9,34
Ryan Reaves,VGK,RW,33,3,2,5,0,24,30,0,0,0,0,0,145,13
Markus Granlund,EDM,C,28,3,1,4,-2,14,21,1,0,0,0,0,11,18
Tyson Barrie,TOR,D,32,3,9,12,-12,6,82,0,1,2,0,0,26,32
Vladimir Tarasenko,STL,RW,10,3,7,10,-2,0,26,0,1,2,0,0,17,7
Valtteri Filppula,DET,C,32,3,9,12,-26,12,29,0,0,1,1,0,15,11
Jeff Petry,MON,D,32,3,13,16,-5,16,66,1,2,3,0,0,90,35
Brent Seabrook,CHI,D,29,3,1,4,4,6,37,1,1,0,0,0,50,55
Jake Muzzin,TOR,D,31,3,10,13,7,22,61,0,0,0,0,1,67,50
Ryan Suter,MIN,D,31,3,14,17,-6,8,43,1,1,7,0,0,28,38
Michael Frolik,CGY,LW,31,3,4,7,-11,20,36,0,0,0,0,0,15,9
Jordan Greenway,MIN,LW,29,3,7,10,-1,16,37,1,0,1,0,0,50,15
Ondrej Kase,ANH,RW,25,3,9,12,1,4,58,0,0,1,0,0,7,4
Nick Ritchie,ANH,LW,27,3,7,10,-3,54,49,1,1,1,0,0,46,9
Noah Hanifin,CGY,D,33,3,5,8,-13,6,66,0,1,2,0,0,51,49
Mathew Dumba,MIN,D,31,3,6,9,-10,31,71,0,0,3,0,1,54,39
Dillon Dube,CGY,C,11,3,4,7,4,2,14,1,0,0,0,0,12,2
Dmytro Timashov,TOR,LW,21,2,4,6,1,8,17,0,0,0,0,0,55,7
Dominik Simon,PIT,C,31,2,11,13,-2,6,58,0,0,1,0,0,23,11
Maxime Comtois,ANH,LW,15,2,3,5,0,8,19,0,1,0,0,0,36,3
Dominic Toninato,FLA,LW,13,2,0,2,-2,7,12,0,0,0,0,0,18,5
Connor Clifton,BOS,D,25,2,0,2,4,6,19,0,0,0,0,0,70,28
Quinn Hughes,VAN,D,30,2,22,24,-3,6,52,0,1,13,0,0,3,18
Brock McGinn,CAR,LW,31,2,4,6,-1,13,47,0,0,0,1,0,33,10
Tobias Rieder,CGY,RW,24,2,2,4,-7,2,33,0,0,0,1,0,11,8
Darnell Nurse,EDM,D,33,2,13,15,2,24,75,0,0,2,0,0,67,53
Rasmus Ristolainen,BUF,D,32,2,12,14,9,26,67,0,1,1,0,0,100,40
Tyler Graovac,VAN,C,8,2,0,2,-2,2,5,0,2,0,0,0,6,3
Bryan Little,WPG,C,7,2,3,5,4,2,13,1,0,0,0,0,3,3
Colton Sceviour,FLA,RW,30,2,6,8,-4,2,51,0,0,0,0,0,30,24
Dmitry Orlov,WAS,D,33,2,11,13,-4,14,48,1,1,2,0,0,53,40
Anton Stralman,FLA,D,30,2,8,10,-8,4,37,1,0,0,0,1,31,44
Erik Cernak,TB,D,26,2,2,4,0,23,53,0,0,0,0,0,64,34
Kurtis MacDermid,LA,D,17,2,1,3,-3,20,23,0,0,0,0,0,36,19
Alexander Wennberg,CLS,C,29,2,8,10,-2,6,39,0,1,3,0,0,9,14
Craig Smith,NSH,RW,29,2,7,9,9,10,68,0,0,1,0,0,28,8
Taro Hirose,DET,LW,23,2,5,7,-11,6,16,0,0,5,0,0,11,12
Gaetan Haas,EDM,C,25,2,4,6,-2,0,20,0,0,1,0,0,24,15
Dennis Cholowski,DET,D,29,2,6,8,-22,4,43,1,1,4,0,0,14,27
Colin White,OTT,C,25,2,5,7,-5,20,35,0,0,1,0,0,14,11
Nick Holden,VGK,D,24,2,3,5,-4,4,34,0,1,0,0,1,52,33
Alex Goligoski,ARI,D,33,2,15,17,8,14,56,0,1,4,0,0,49,66
Alex Galchenyuk,PIT,RW,22,2,8,10,-3,4,42,0,1,3,0,0,20,5
Jordan Martinook,CAR,LW,16,2,2,4,-3,8,14,1,0,0,0,0,25,11
Ross Johnston,NYI,LW,15,2,0,2,2,35,8,0,0,0,0,0,50,6
Pavel Zacha,NJ,C,27,2,10,12,-15,6,35,0,0,0,0,1,16,9
Nate Schmidt,VGK,D,21,2,10,12,-3,2,42,0,0,3,0,0,13,40
Nick Shore,WPG,C,23,2,1,3,2,12,10,0,0,0,0,0,21,7
Haydn Fleury,CAR,D,18,2,2,4,-3,2,26,0,0,0,0,0,13,16
Riley Nash,CLS,C,25,2,5,7,1,4,27,1,0,0,1,0,22,17
Jordan Eberle,NYI,RW,19,2,7,9,-2,4,38,0,1,2,0,0,7,13
Marco Scandella,BUF,D,24,2,5,7,13,4,31,0,0,0,0,0,24,27
Richard Panik,WAS,RW,23,2,0,2,4,10,31,0,0,0,0,0,26,7
Markus Nutivaara,CLS,D,10,2,0,2,-1,2,14,0,0,0,0,0,12,11
Rasmus Andersson,CGY,D,33,2,8,10,-3,15,64,0,0,2,0,0,26,35
Nate Thompson,MON,C,32,2,7,9,0,9,33,1,0,0,0,1,52,29
Jake McCabe,BUF,D,30,2,5,7,-3,16,38,1,0,0,0,0,47,52
Tyler Pitlick,PHI,C,27,2,4,6,-3,4,23,0,0,0,0,0,54,13
Esa Lindell,DAL,D,32,2,6,8,8,4,42,1,1,2,0,0,35,52
Austin Czarnik,CGY,C,8,2,1,3,1,0,9,0,1,0,0,0,1,2
Nic Dowd,WAS,C,22,2,4,6,3,8,13,1,0,0,1,0,29,7
Brandon Montour,BUF,D,18,2,7,9,5,10,41,0,0,1,0,0,15,15
Gerald Mayhew,MIN,C,6,2,0,2,2,2,9,0,0,0,0,0,4,1
Joakim Nygard,EDM,LW,17,2,3,5,-1,4,26,0,1,0,0,0,16,4
Morgan Frost,PHI,C,11,2,2,4,-2,0,27,0,0,0,1,0,3,2
Troy Stecher,VAN,D,31,2,5,7,3,20,39,0,0,0,0,0,34,26
Austin Wagner,LA,LW,28,2,3,5,-3,18,59,0,0,0,0,0,70,7
Josh Brown,FLA,D,25,2,2,4,-6,16,13,1,0,0,0,0,33,24
Frederik Gauthier,TOR,C,29,2,3,5,-2,10,22,0,0,0,0,0,40,12
Ryan Murray,CLS,D,22,2,4,6,-8,4,26,0,0,1,0,0,8,40
Zac Rinaldo,CGY,C,5,2,1,3,1,19,6,1,0,0,0,0,16,0
Oliver Ekman-Larsson,ARI,D,33,2,9,11,-3,12,66,0,0,3,0,0,60,38
Matt Martin,NYI,LW,17,2,1,3,2,0,13,1,0,0,0,0,82,4
Jake Gardiner,CAR,D,31,2,6,8,-17,18,40,1,0,3,0,0,26,24
Dylan Gambrell,SJ,C,28,2,4,6,-8,13,19,0,0,1,0,0,18,20
Devon Toews,NYI,D,29,2,10,12,8,8,51,1,0,2,0,0,20,30
Jesper Boqvist,NJ,C,17,2,0,2,-4,4,24,0,0,0,0,0,25,9
Joel Eriksson Ek,MIN,C,28,2,9,11,0,8,49,0,0,0,0,0,55,26
John Klingberg,DAL,D,26,2,8,10,-11,14,55,0,1,5,0,0,18,32
Brett Ritchie,BOS,RW,18,2,2,4,-4,19,25,1,0,1,0,0,54,1
Brandon Carlo,BOS,D,32,2,8,10,7,6,51,0,0,0,0,0,59,37
Filip Chlapik,OTT,C,18,2,3,5,-1,10,17,1,0,0,0,0,30,3
Matt Grzelcyk,BOS,D,32,2,7,9,0,12,60,0,0,3,0,1,28,33
Travis Sanheim,PHI,D,31,2,6,8,2,12,50,0,0,0,0,0,14,28
Brayden McNabb,VGK,D,33,2,4,6,0,30,31,0,0,0,1,0,102,57
Marcus Foligno,MIN,LW,21,2,6,8,4,4,25,0,0,0,0,0,77,11
Mikko Koivu,MIN,C,28,2,10,12,2,10,46,0,1,5,0,1,9,18
P.K. Subban,NJ,D,30,2,3,5,-15,34,68,1,0,0,0,0,35,36
Travis Boyd,WAS,C,16,2,6,8,7,0,17,0,0,1,0,0,7,5
Colton Parayko,STL,D,32,2,10,12,1,8,70,0,0,2,0,1,37,57
Sam Steel,ANH,C,26,2,8,10,-7,6,33,0,1,3,0,0,10,9
Vladislav Gavrikov,CLS,D,29,2,2,4,-1,12,33,0,0,0,0,0,31,29
Mark Borowiecki,OTT,D,32,2,8,10,3,31,38,0,0,0,0,0,127,69
Oscar Klefbom,EDM,D,33,2,17,19,-20,6,81,0,1,10,0,0,28,103
Connor Murphy,CHI,D,19,2,3,5,-1,2,34,0,0,0,0,1,41,35
Justin Schultz,PIT,D,24,2,6,8,-6,0,59,0,0,3,0,0,23,19
Nick Leddy,NYI,D,23,2,9,11,5,6,27,0,1,1,0,0,22,29
Brian Dumoulin,PIT,D,23,1,6,7,17,8,33,0,0,1,1,0,39,27
Deryk Engelland,VGK,D,28,1,3,4,6,18,40,1,0,0,0,1,72,51
Travis Hamonic,CGY,D,27,1,4,5,-6,17,38,0,0,0,0,0,20,57
Riley Sheahan,EDM,C,28,1,1,2,-10,0,27,0,0,0,0,0,13,10
Johnny Boychuk,NYI,D,28,1,6,7,2,8,43,0,1,0,0,0,66,55
Ian Cole,COL,D,26,1,11,12,15,24,28,1,0,0,0,0,37,60
Cody Ceci,TOR,D,32,1,5,6,6,10,31,1,0,0,0,0,51,58
Gemel Smith,TB,C,3,1,0,1,0,4,1,0,0,0,0,0,1,2
Micheal Ferland,VAN,LW,14,1,4,5,-3,7,15,0,0,0,0,0,40,2
Jacob Larsson,ANH,D,25,1,2,3,-3,8,27,0,0,0,0,0,14,24
Ryan Lindgren,NYR,D,20,1,6,7,4,12,17,0,0,0,0,0,36,24
Marcus Pettersson,PIT,D,31,1,9,10,1,8,35,0,0,1,0,0,53,28
Josh Anderson,CLS,RW,24,1,3,4,-8,12,63,0,0,0,0,0,57,12
Barrett Hayton,ARI,C,14,1,3,4,1,12,20,1,0,0,0,0,10,2
Par Lindholm,BOS,C,20,1,0,1,2,4,16,0,0,0,0,0,12,8
Adam Boqvist,CHI,D,7,1,1,2,-2,4,12,0,0,1,0,0,5,3
Vladimir Sobotka,BUF,C,16,1,2,3,2,4,23,0,0,0,0,0,26,7
Niklas Hjalmarsson,ARI,D,4,1,0,1,1,0,4,0,0,0,0,0,2,4
Braydon Coburn,TB,D,17,1,0,1,2,4,21,0,0,0,0,0,24,10
Micheal Haley,NYR,LW,14,1,0,1,-4,40,8,0,0,0,0,0,21,5
Chris Tanev,VAN,D,31,1,6,7,3,10,18,0,0,0,0,1,19,77
Jayce Hawryluk,FLA,C,8,1,2,3,-1,4,5,0,0,0,0,0,16,5
Brandon Manning,EDM,D,9,1,0,1,-1,17,8,0,0,0,0,0,10,6
Curtis Lazar,BUF,C,6,1,0,1,-2,7,2,0,0,0,0,0,13,5
Logan Brown,OTT,C,17,1,5,6,-2,4,19,1,1,2,0,0,7,6
Vitali Abramov,OTT,RW,2,1,0,1,0,2,3,0,0,0,0,0,0,0
Nick Caamano,DAL,RW,12,1,1,2,2,4,13,0,0,0,0,0,17,3
Cale Fleury,MON,D,26,1,0,1,-6,2,25,0,0,0,0,0,70,31
Rasmus Dahlin,BUF,D,24,1,15,16,2,20,33,0,0,7,0,0,26,14
Tucker Poolman,WPG,D,29,1,10,11,4,4,31,0,0,0,0,0,24,27
Joel L'Esperance,DAL,C,3,1,0,1,0,2,2,0,0,0,0,0,1,1
Logan O'Connor,COL,C,7,1,0,1,3,2,8,0,0,0,0,0,3,4
Luke Schenn,TB,D,13,1,0,1,-7,13,13,0,0,0,0,0,38,11
Tyler Myers,VAN,D,31,1,5,6,-3,20,60,0,0,0,1,0,38,40
Michael Del Zotto,ANH,D,21,1,4,5,8,4,20,0,0,1,0,0,42,24
David Backes,BOS,RW,11,1,2,3,-1,16,21,1,1,0,0,0,18,2
Bobby Ryan,OTT,RW,16,1,3,4,0,11,21,0,0,0,0,0,24,3
Marc Staal,NYR,D,14,1,2,3,2,10,15,0,0,0,0,0,18,29
Calvin de Haan,CHI,D,29,1,5,6,10,10,42,0,0,0,0,0,93,73
Jonas Brodin,MIN,D,31,1,11,12,5,6,40,0,0,0,0,0,25,38
Mike Matheson,FLA,D,25,1,2,3,-9,2,55,0,0,1,0,0,18,26
Chad Ruhwedel,PIT,D,8,1,2,3,1,10,14,0,0,0,0,0,35,2
Ryan Carpenter,CHI,C,30,1,7,8,2,10,24,0,0,0,1,1,56,21
Cole Bardreau,NYI,LW,9,1,1,2,-1,6,9,1,0,0,0,0,19,1
Colby Cave,EDM,C,5,1,0,1,-1,2,2,0,0,0,0,0,12,0
Vladislav Kamenev,COL,C,17,1,3,4,1,4,17,1,0,1,0,0,9,9
Dean Kukan,CLS,D,22,1,3,4,-5,6,32,0,1,0,0,0,19,19
Klim Kostin,STL,RW,4,1,0,1,1,0,5,0,0,0,0,0,6,0
Noah Gregor,SJ,C,17,1,0,1,-5,2,17,0,0,0,0,0,23,1
Daniel Carr,NSH,LW,10,1,0,1,-3,4,13,0,0,0,0,0,10,2
Luke Witkowski,TB,RW,12,1,2,3,-4,13,10,0,0,0,0,0,38,3
Dmitry Kulikov,WPG,D,25,1,3,4,2,18,28,0,0,0,0,0,40,38
Erik Johnson,COL,D,23,1,5,6,-4,6,39,0,0,0,0,0,37,48
Jay Bouwmeester,STL,D,32,1,5,6,4,12,32,0,0,0,0,1,26,41
Luca Sbisa,WPG,D,19,1,4,5,2,10,27,0,0,0,0,0,39,30
Michael Stone,CGY,D,17,1,2,3,1,10,25,0,0,0,0,0,25,22
Joseph Blandisi,PIT,C,11,1,2,3,0,2,6,1,0,0,0,0,17,6
Samuel Girard,COL,D,31,1,9,10,3,7,40,0,1,2,0,0,26,42
Radim Simek,SJ,D,16,1,3,4,-12,8,15,0,0,0,0,0,36,22
Josh Mahura,ANH,D,9,1,3,4,-3,2,6,0,0,0,0,0,1,10
Ville Heinola,WPG,D,8,1,4,5,3,4,10,0,0,1,0,0,3,5
Nick Bjugstad,PIT,C,10,1,0,1,2,8,16,0,0,0,0,0,19,6
Mark Pysyk,FLA,D,21,1,1,2,-4,6,17,0,0,0,0,0,16,17
Justin Faulk,STL,D,32,1,6,7,-6,12,60,0,0,1,0,0,36,28
Patrik Nemeth,DET,D,26,1,3,4,-6,12,44,1,0,0,0,0,25,29
Paul Byron,MON,C,19,1,3,4,3,4,11,0,0,0,0,0,28,11
Sam Gagner,EDM,C,15,1,6,7,-2,2,27,0,0,1,0,0,10,4
Mike Green,DET,D,24,1,4,5,-16,18,41,0,0,2,0,0,22,39
Loui Eriksson,VAN,RW,17,1,0,1,-3,8,15,0,0,0,0,0,1,7
Ron Hainsey,OTT,D,32,1,5,6,3,6,21,1,0,0,0,2,26,48
Josh Archibald,EDM,RW,24,1,0,1,-11,6,24,0,0,0,0,0,59,14
Colin Miller,BUF,D,25,1,4,5,-4,8,38,1,0,3,0,0,39,22
Gabriel Bourque,WPG,LW,17,1,2,3,1,0,18,0,0,0,0,0,51,15
Taylor Fedun,DAL,D,21,1,7,8,3,6,30,0,0,0,0,0,11,16
Olli Maatta,CHI,D,27,1,7,8,-3,4,32,0,0,0,0,1,57,46
Devin Shore,ANH,C,17,1,3,4,0,4,22,0,0,1,0,0,18,7
Nikita Zadorov,COL,D,27,1,3,4,6,43,32,0,0,0,0,0,88,38
Nathan Walker,STL,C,5,1,1,2,-2,4,6,0,0,0,0,0,10,1
Nicolas Roy,VGK,C,7,1,2,3,1,6,6,1,0,0,0,0,11,2
Adam Pelech,NYI,D,29,1,6,7,3,18,40,0,0,0,0,1,57,68
Erik Gudbranson,ANH,D,27,1,3,4,8,70,36,0,0,0,0,0,46,27
Scott Sabourin,OTT,RW,11,1,1,2,-3,13,9,0,0,0,0,0,26,5
T.J. Brodie,CGY,D,28,1,9,10,5,16,29,0,0,1,0,0,9,40
Miikka Salomaki,NSH,RW,5,1,0,1,2,4,2,1,0,0,0,0,9,3
Yakov Trenin,NSH,C,2,1,0,1,0,2,2,0,0,0,0,0,2,1
Jonas Siegenthaler,WAS,D,33,1,4,5,6,20,23,1,0,0,0,0,29,55
Carsen Twarynski,PHI,LW,14,1,0,1,-1,4,13,0,0,0,0,0,38,6
Jacob De La Rose,STL,C,29,1,4,5,4,4,27,0,0,0,0,0,70,11
Madison Bowey,DET,D,22,1,7,8,-13,16,27,0,0,0,0,0,19,21
Joakim Ryan,LA,D,19,1,2,3,0,4,21,0,0,0,0,0,11,23
Michael Dal Colle,NYI,LW,24,1,2,3,0,10,16,0,0,0,0,0,33,10
Ryan McDonagh,TB,D,29,1,8,9,2,9,32,0,0,0,0,1,20,65
Troy Brouwer,STL,RW,8,1,0,1,2,5,7,0,0,0,0,0,18,5
Zack Smith,CHI,C,24,1,4,5,-1,13,24,0,0,0,0,1,54,8
Duncan Keith,CHI,D,25,1,5,6,1,12,37,0,0,2,0,0,11,50
Jack Johnson,PIT,D,29,1,3,4,8,8,23,0,0,0,0,0,82,32
Andrew Cogliano,DAL,LW,31,1,5,6,0,12,25,0,0,0,0,0,37,14
Justin Holl,TOR,D,30,1,9,10,10,16,33,0,0,0,0,0,40,26
Carl Gunnarsson,STL,D,16,1,3,4,0,8,9,0,0,0,0,1,12,18
Kyle Capobianco,ARI,D,7,1,0,1,-1,2,6,0,0,0,0,0,8,9
David Gustafsson,WPG,C,22,1,0,1,-2,0,4,1,0,0,0,0,5,6
Zach MacEwen,VAN,C,7,1,1,2,3,2,3,0,0,0,0,0,19,2
Christoffer Ehn,DET,C,23,1,0,1,-10,2,13,0,0,0,0,0,28,9
Adam Johnson,PIT,C,7,1,1,2,-1,2,5,0,0,0,0,0,4,3
Jay Beagle,VAN,C,22,1,2,3,-5,16,24,1,0,0,1,1,26,12
Greg McKegg,NYR,C,17,1,1,2,0,7,11,0,0,0,1,0,24,5
Trevor Lewis,LA,C,24,1,4,5,-1,10,41,0,0,0,0,0,33,13
Ben Hutton,LA,D,32,1,4,5,-4,6,58,0,0,0,0,0,25,44
Carter Verhaeghe,TB,C,19,1,3,4,-3,4,25,0,0,0,0,0,7,0
Stefan Noesen,PIT,C,4,1,0,1,1,0,5,0,0,0,0,0,5,1
Nicolas Deslauriers,ANH,LW,19,1,3,4,-1,41,15,0,0,0,0,0,51,8
Alan Quine,CGY,C,9,1,0,1,-1,4,12,0,0,0,0,0,6,2
Pierre Engvall,TOR,LW,10,1,2,3,1,0,12,1,0,0,1,1,5,2
Oscar Fantenberg,VAN,D,4,1,0,1,3,0,4,0,0,0,0,0,6,6
Brendan Guhle,ANH,D,18,1,3,4,-3,8,22,0,0,0,0,0,8,20
Rasmus Asplund,BUF,C,14,1,2,3,4,4,23,0,0,0,0,1,10,3
Matthew Highmore,CHI,C,2,0,0,0,0,0,0,0,0,0,0,0,4,0
Mikhail Vorobyov,PHI,C,8,0,1,1,0,0,5,0,0,0,0,0,2,2
Tyler Motte,VAN,C,6,0,1,1,-1,2,3,0,0,0,0,0,17,8
Nikita Zaitsev,OTT,D,31,0,7,7,-1,8,33,0,0,0,0,0,52,71
German Rubtsov,PHI,C,3,0,0,0,-1,0,1,0,0,0,0,0,2,4
Max Veronneau,OTT,RW,4,0,0,0,-2,0,3,0,0,0,0,0,2,2
Nicolas Hague,VGK,D,25,0,6,6,-1,20,27,0,0,3,0,0,42,17
Mario Ferraro,SJ,D,30,0,5,5,-10,16,26,0,0,0,0,1,60,23
Mason Appleton,WPG,C,9,0,0,0,-1,2,9,0,0,0,0,0,6,4
Andy Andreoff,PHI,C,6,0,1,1,0,0,8,0,0,0,0,0,9,3
Mark Jankowski,CGY,C,29,0,1,1,-10,6,15,0,0,0,0,0,9,14
Boo Nieves,NYR,C,4,0,0,0,2,4,2,0,0,0,0,0,3,2
Evan Rodrigues,BUF,C,16,0,2,2,-3,0,26,0,0,0,0,0,9,2
Alexander Volkov,TB,LW,4,0,0,0,-5,0,3,0,0,0,0,0,5,1
Mitchell Stephens,TB,C,2,0,0,0,-2,0,2,0,0,0,0,0,2,2
Joe Hicketts,DET,D,6,0,2,2,-5,2,6,0,0,0,0,0,14,13
Clark Bishop,CAR,C,5,0,1,1,-2,4,4,0,0,0,0,0,5,0
Nikolay Goldobin,VAN,RW,1,0,0,0,0,0,0,0,0,0,0,0,1,0
Tomas Jurco,EDM,RW,12,0,2,2,1,4,7,0,0,0,0,0,4,3
Carl Hagelin,WAS,LW,22,0,6,6,2,4,32,0,0,0,0,1,10,5
Adam Larsson,EDM,D,11,0,0,0,-7,17,12,0,0,0,0,0,16,25
Brandon Pirri,VGK,C,11,0,1,1,-3,6,19,0,0,0,0,0,9,2
Dylan Sikura,CHI,LW,2,0,0,0,-1,0,2,0,0,0,0,0,0,0
Brett Seney,NJ,LW,2,0,0,0,-1,0,1,0,0,0,0,0,2,0
Martin Fehervary,WAS,D,3,0,0,0,0,2,4,0,0,0,0,0,6,0
Anton Wedin,CHI,LW,4,0,0,0,1,4,2,0,0,0,0,0,5,1
Justin Braun,PHI,D,31,0,5,5,-12,10,41,0,0,0,0,0,39,43
Jon Merrill,VGK,D,30,0,3,3,-1,20,23,0,0,0,0,0,33,46
Alexander Steen,STL,LW,17,0,5,5,2,4,22,0,0,0,0,0,5,21
Jason Demers,ARI,D,30,0,5,5,1,17,31,0,0,0,0,1,42,41
Mikkel Boedker,OTT,LW,6,0,1,1,1,0,5,0,0,0,0,0,1,1
Cody Goloubef,OTT,D,6,0,0,0,1,2,1,0,0,0,0,0,11,3
Jacob Middleton,SJ,D,1,0,0,0,0,0,0,0,0,0,0,0,2,1
Sami Niku,WPG,D,1,0,0,0,0,0,1,0,0,0,0,0,2,3
Caleb Jones,EDM,D,10,0,1,1,-3,0,5,0,0,0,0,0,8,10
Matt Benning,EDM,D,24,0,5,5,8,10,18,0,0,0,0,0,50,20
Henrik Borgstrom,FLA,C,4,0,0,0,-2,2,3,0,0,0,0,0,1,0
Max Lajoie,OTT,D,3,0,0,0,1,0,2,0,0,0,0,0,1,2
Beck Malenstyn,WAS,C,3,0,0,0,-1,0,4,0,0,0,0,0,5,1
Kevin Rooney,NJ,C,19,0,1,1,0,11,18,0,0,0,0,0,21,9
Robert Hagg,PHI,D,18,0,3,3,-4,10,14,0,0,0,0,0,55,32
Hampus Lindholm,ANH,D,23,0,12,12,0,20,37,0,0,2,0,2,9,30
Alex Biega,DET,D,14,0,0,0,-3,2,14,0,0,0,0,0,28,12
Beck Malenstyn,FA,C,3,0,0,0,-1,0,4,0,0,0,0,0,5,1
Conor Timmins,COL,D,2,0,0,0,2,0,1,0,0,0,0,0,0,0
Jonathan Davidsson,OTT,RW,5,0,1,1,1,0,3,0,0,0,0,0,4,1
Riley Stillman,FLA,D,3,0,0,0,-2,5,7,0,0,0,0,0,2,4
Tim Gettinger,NYR,LW,2,0,1,1,1,0,3,0,0,0,0,0,5,1
Kole Sherwood,CLS,C,3,0,0,0,0,2,6,0,0,0,0,0,10,1
Nick Jensen,WAS,D,33,0,2,2,-9,0,28,0,0,1,0,0,25,35
Anthony Richard,NSH,C,1,0,0,0,-1,0,2,0,0,0,0,0,0,0
Paul LaDue,LA,D,2,0,1,1,0,0,2,0,0,0,0,0,2,3
Tobias Bjornfot,LA,D,3,0,0,0,-4,0,0,0,0,0,0,0,0,0
Otto Leskinen,MON,D,4,0,0,0,0,0,1,0,0,0,0,0,12,1
Joona Luoto,WPG,RW,14,0,0,0,-3,2,6,0,0,0,0,0,7,8
Scott Harrington,CLS,D,8,0,1,1,-6,4,8,0,0,0,0,0,10,11
Logan Shaw,WPG,RW,17,0,0,0,-4,0,8,0,0,0,0,0,11,9
Jordie Benn,VAN,D,31,0,6,6,-3,11,44,0,0,0,0,0,26,43
Brenden Dillon,SJ,D,33,0,7,7,-9,48,34,0,0,0,0,1,103,30
Sam Carrick,ANH,C,1,0,1,1,1,0,3,0,0,0,0,0,1,0
Gabriel Dumont,MIN,C,3,0,0,0,-1,0,3,0,0,0,0,0,9,2
Leo Komarov,NYI,LW,15,0,4,4,2,2,12,0,0,0,0,1,38,6
Steve Kampfer,BOS,D,4,0,0,0,2,2,4,0,0,0,0,0,6,4
Jamie Oleksiak,DAL,D,32,0,5,5,-2,19,32,0,0,0,0,0,49,30
Andrej Sekera,DAL,D,28,0,3,3,6,10,33,0,0,0,0,0,17,45
Peter Cehlarik,BOS,C,3,0,1,1,-1,2,0,0,0,0,0,0,2,2
Mirco Mueller,NJ,D,17,0,0,0,-10,11,7,0,0,0,0,0,14,23
Samuel Morin,PHI,D,1,0,0,0,-1,0,0,0,0,0,0,0,2,0
Jordan Oesterle,ARI,D,25,0,5,5,1,8,30,0,0,1,0,0,23,43
Brendan Perlini,DET,LW,19,0,1,1,-11,6,28,0,0,0,0,0,11,5
Pontus Aberg,TOR,LW,2,0,1,1,1,0,1,0,0,0,0,0,0,1
Derrick Pouliot,STL,D,2,0,0,0,-1,2,1,0,0,0,0,0,2,1
John Hayden,NJ,C,11,0,1,1,-1,2,8,0,0,0,0,0,22,6
Trevor Carrick,SJ,D,3,0,0,0,0,5,1,0,0,0,0,0,1,0
Andrew Agozzino,PIT,LW,1,0,0,0,-1,0,0,0,0,0,0,0,1,0
Joe Thornton,SJ,C,33,0,10,10,-9,22,31,0,0,1,0,0,12,11
Frans Nielsen,DET,C,28,0,1,1,-7,4,40,0,0,0,0,1,19,15
Brian Gibbons,CAR,C,13,0,0,0,-6,2,9,0,0,0,0,0,5,9
Yannick Weber,NSH,D,16,0,1,1,1,4,11,0,0,0,0,0,12,9
Kevin Connauton,COL,D,1,0,0,0,0,0,2,0,0,0,0,0,3,1
Lean Bergmann,SJ,LW,8,0,1,1,-5,2,9,0,0,0,0,0,10,4
Jonny Brodzinski,SJ,RW,3,0,1,1,0,0,5,0,0,0,0,0,3,0
Connor Bunnaman,PHI,C,4,0,0,0,0,0,4,0,0,0,0,0,5,1
C.J. Suess,WPG,LW,1,0,0,0,-1,0,0,0,0,0,0,0,1,0
Lukas Radil,SJ,LW,14,0,0,0,-3,8,12,0,0,0,0,0,16,2
Oliver Wahlstrom,NYI,RW,9,0,0,0,-2,4,9,0,0,0,0,0,10,4
Rasmus Sandin,TOR,D,6,0,2,2,0,2,5,0,0,0,0,0,5,3
Juuso Riikola,PIT,D,12,0,1,1,0,2,17,0,0,0,0,0,27,8
Christian Jaros,OTT,D,1,0,0,0,-1,4,0,0,0,0,0,0,2,0
Andrew Peeke,CLS,D,3,0,0,0,3,0,2,0,0,0,0,0,6,2
Jordan Kyrou,STL,RW,1,0,0,0,0,0,2,0,0,0,0,0,2,0
Libor Hajek,NYR,D,27,0,5,5,-2,12,22,0,0,0,0,0,23,42
David Kase,PHI,RW,1,0,0,0,0,0,2,0,0,0,0,0,2,0
Evgeny Svechnikov,DET,LW,4,0,0,0,-1,2,7,0,0,0,0,0,5,1
Alec Martinez,LA,D,24,0,5,5,-1,10,36,0,0,1,0,0,17,56
Mark Letestu,WPG,C,7,0,0,0,0,0,5,0,0,0,0,0,3,5
David Savard,CLS,D,30,0,4,4,-4,6,33,0,0,0,0,0,57,60
Trevor Daley,DET,D,12,0,0,0,-5,6,10,0,0,0,0,0,3,12
Justin Abdelkader,DET,LW,17,0,3,3,0,4,15,0,0,0,0,0,30,11
Roman Polak,DAL,D,13,0,2,2,2,2,9,0,0,0,0,0,31,38
Slater Koekkoek,CHI,D,14,0,3,3,-4,10,11,0,0,0,0,0,26,15
Mike Reilly,MON,D,11,0,4,4,1,4,18,0,0,0,0,0,11,11
Nathan Beaulieu,WPG,D,12,0,1,1,1,12,8,0,0,0,0,0,21,11
Brett Kulak,MON,D,21,0,2,2,-6,8,28,0,0,0,0,0,23,27
Brandon Davidson,CGY,D,3,0,0,0,-3,0,8,0,0,0,0,0,4,4
Riley Barber,MON,RW,2,0,0,0,0,0,3,0,0,0,0,0,7,0
Charles Hudon,MON,LW,9,0,1,1,-4,0,14,0,0,0,0,0,15,1
Dylan DeMelo,OTT,D,32,0,6,6,7,21,42,0,0,0,0,0,56,43
Matthew Peca,MON,C,4,0,0,0,-1,0,4,0,0,0,0,0,2,1
Jake Bischoff,VGK,D,4,0,0,0,-2,4,6,0,0,0,0,0,8,8
Lias Andersson,NYR,LW,17,0,1,1,-8,4,13,0,0,0,0,0,20,8
Urho Vaakanainen,BOS,D,5,0,0,0,2,0,2,0,0,0,0,0,8,3
Jan Rutta,TB,D,12,0,3,3,-1,6,15,0,0,0,0,0,8,10
Dennis Gilbert,CHI,D,7,0,0,0,-7,24,6,0,0,0,0,0,36,9
Ashton Sautner,VAN,D,1,0,0,0,0,0,1,0,0,0,0,0,0,0
Carl Grundstrom,LA,LW,9,0,4,4,2,4,14,0,0,0,0,0,20,3
Jakob Lilja,CLS,LW,10,0,2,2,-1,0,11,0,0,0,0,0,8,8
Antti Suomela,SJ,C,5,0,1,1,1,0,2,0,0,0,0,0,5,3
Kevin Gravel,TOR,D,3,0,0,0,0,0,2,0,0,0,0,0,2,3
Joel Hanley,DAL,D,8,0,2,2,0,6,4,0,0,0,0,0,3,8
Trevor van Riemsdyk,CAR,D,18,0,3,3,-5,6,22,0,0,0,0,0,8,12
Aleksi Saarela,FLA,C,3,0,0,0,0,0,3,0,0,0,0,0,0,1
Cameron Hughes,BOS,C,1,0,0,0,-1,0,0,0,0,0,0,0,1,2
Jean-Christophe Beaudin,OTT,C,15,0,1,1,-6,7,12,0,0,0,0,0,27,6
Connor Carrick,NJ,D,4,0,1,1,-3,2,4,0,0,0,0,0,4,6
Steve Santini,NSH,D,2,0,0,0,1,2,1,0,0,0,0,0,3,0
Jordan Szwarz,OTT,RW,3,0,0,0,0,2,2,0,0,0,0,0,6,1
Danny DeKeyser,DET,D,8,0,4,4,0,4,12,0,0,0,0,0,6,18
Zach Trotman,PIT,D,5,0,0,0,1,4,6,0,0,0,0,0,14,7
Anthony Bitetto,WPG,D,21,0,2,2,0,13,28,0,0,0,0,0,61,23
Korbinian Holzer,ANH,D,27,0,1,1,-2,27,25,0,0,0,0,1,57,58
Martin Marincin,TOR,D,7,0,0,0,-1,4,6,0,0,0,0,0,6,8
Tom Kuhnhackl,NYI,RW,6,0,0,0,-1,0,8,0,0,0,0,0,4,5
Brad Richardson,ARI,C,26,0,2,2,5,8,29,0,0,0,0,0,32,22
Andy Greene,NJ,D,26,0,4,4,-3,8,23,0,0,0,0,0,14,60
Dan Hamhuis,NSH,D,27,0,3,3,3,19,19,0,0,0,0,0,39,22
Danil Yurtaikin,SJ,LW,4,0,0,0,-1,0,2,0,0,0,0,0,3,2
Mathieu Olivier,NSH,RW,8,0,1,1,1,4,6,0,0,0,0,0,17,1
Calle Rosen,COL,D,6,0,2,2,1,2,7,0,0,0,0,0,2,4
Givani Smith,DET,LW,5,0,0,0,0,5,5,0,0,0,0,0,9,0
Julien Gauthier,CAR,RW,3,0,0,0,1,4,0,0,0,0,0,0,2,0
Isac Lundestrom,ANH,LW,3,0,0,0,2,0,3,0,0,0,0,0,1,1
Erik Brannstrom,OTT,D,23,0,2,2,-7,12,24,0,0,1,0,0,9,22
Brennan Menell,MIN,D,1,0,0,0,2,0,0,0,0,0,0,0,0,1
Karson Kuhlman,BOS,C,8,0,0,0,-2,2,13,0,0,0,0,0,9,3
Filip Zadina,DET,LW,7,0,3,3,-2,0,9,0,0,2,0,0,3,3
Joel Persson,EDM,D,13,0,2,2,-1,2,17,0,0,0,0,0,6,10
Ilya Lyubushkin,ARI,D,20,0,1,1,1,12,20,0,0,0,0,0,57,20
Sheldon Dries,COL,C,1,0,0,0,-1,0,0,0,0,0,0,0,7,2
Rhett Gardner,DAL,C,8,0,0,0,0,2,8,0,0,0,0,0,8,2
Drake Batherson,OTT,RW,2,0,0,0,-4,2,0,0,0,0,0,0,1,2
Eetu Luostarinen,CAR,LW,8,0,1,1,-2,0,9,0,0,0,0,0,9,2
Ryan Poehling,MON,C,5,0,0,0,0,0,3,0,0,0,0,0,6,3
Trent Frederic,BOS,C,2,0,0,0,-1,0,1,0,0,0,0,0,8,0
Tage Thompson,BUF,RW,1,0,0,0,0,0,0,0,0,0,0,0,2,0
Dryden Hunt,FLA,LW,20,0,4,4,0,24,32,0,0,0,0,0,35,6
Nick Seeler,MIN,D,6,0,0,0,-6,8,4,0,0,0,0,0,5,9
Tim Heed,SJ,D,19,0,1,1,-2,0,23,0,0,0,0,0,12,15
Zachary Senyshyn,BOS,RW,4,0,2,2,1,0,1,0,0,0,0,0,2,1
Brendan Gaunce,BOS,C,1,0,1,1,1,2,0,0,0,0,0,0,2,0
Gustav Olofsson,MON,D,3,0,0,0,-4,2,2,0,0,0,0,0,1,6
Carl Dahlstrom,WPG,D,12,0,0,0,-3,4,8,0,0,0,0,0,5,12
Robert Bortuzzo,STL,D,14,0,1,1,6,6,7,0,0,0,0,0,22,16
Dalton Prout,SJ,D,2,0,0,0,0,7,2,0,0,0,0,0,3,3
T.J. Tynan,COL,C,14,0,1,1,-1,2,7,0,0,0,0,0,7,3
Tyler Lewington,WAS,D,6,0,0,0,-2,17,2,0,0,0,0,0,13,7
Austin Poganski,STL,RW,1,0,0,0,0,0,0,0,0,0,0,0,0,0
Josh Manson,ANH,D,12,0,3,3,1,15,15,0,0,0,0,0,29,16
Adam Erne,DET,LW,24,0,0,0,-11,20,28,0,0,0,0,0,61,12
John Moore,BOS,D,3,0,1,1,-1,5,7,0,0,0,0,0,7,3
Matt Irwin,NSH,D,13,0,1,1,-6,7,15,0,0,0,0,0,20,13
Sven Baertschi,VAN,LW,6,0,2,2,-2,4,7,0,0,2,0,0,5,0
Michael Sgarbossa,WAS,LW,2,0,0,0,0,0,1,0,0,0,0,0,3,0
Chris Stewart,PHI,RW,10,0,1,1,-3,12,3,0,0,0,0,0,22,4
Jonathan Ericsson,DET,D,7,0,0,0,-4,0,5,0,0,0,0,0,11,3
Colin Wilson,COL,LW,9,0,4,4,6,0,12,0,0,0,0,0,8,2
Aaron Ness,ARI,D,13,0,1,1,5,0,7,0,0,0,0,0,11,10
Mark Barberio,COL,D,11,0,1,1,7,10,16,0,0,0,0,0,6,12
Noah Dobson,NYI,D,8,0,2,2,3,2,7,0,0,0,0,0,9,5
Jack Studnicka,BOS,C,2,0,1,1,2,2,3,0,0,0,0,0,2,0
Otto Koivula,NYI,C,6,0,0,0,0,2,2,0,0,0,0,0,7,3
Christian Folin,MON,D,5,0,1,1,2,2,2,0,0,0,0,0,14,9
Valentin Zykov,VGK,RW,8,0,2,2,0,4,9,0,0,0,0,0,15,3
Nicolas Petan,TOR,C,15,0,3,3,-3,4,19,0,0,0,0,0,7,4
Jean-Sebastien Dea,BUF,C,1,0,0,0,0,0,0,0,0,0,0,0,0,0
Oliver Kylington,CGY,D,24,0,3,3,-2,10,20,0,0,0,0,0,15,18
Charlie McAvoy,BOS,D,32,0,10,10,11,19,38,0,0,1,0,0,66,64
John Gilmour,BUF,D,4,0,0,0,-2,0,5,0,0,0,0,0,3,3
Matt Luff,LA,RW,8,0,2,2,1,2,11,0,0,0,0,0,7,2
Patrick Russell,EDM,RW,27,0,4,4,-2,6,32,0,0,0,0,0,33,17
Matt Tennyson,NJ,D,19,0,3,3,-1,6,12,0,0,0,0,0,27,17
Paul Carey,BOS,RW,1,0,0,0,-1,0,0,0,0,0,0,0,0,1
Radko Gudas,WAS,D,33,0,7,7,12,30,39,0,0,0,0,0,94,40
Jayson Megna,COL,LW,8,0,0,0,-1,2,4,0,0,0,0,0,10,5
Cory Conacher,TB,LW,4,0,1,1,-2,4,5,0,0,0,0,0,3,1
Zach Bogosian,BUF,D,10,0,3,3,2,4,9,0,0,0,0,0,11,12
Kris Russell,EDM,D,32,0,4,4,2,10,26,0,0,0,0,0,44,70
Dylan McIlrath,DET,D,16,0,0,0,-4,23,14,0,0,0,0,0,48,12